"","parameter_name","parameter_description","parameter_type","var_conversion_type","value","unit","condition","source","info","url","comment"
"1","ad_rest_starting_point","Default duration for activity ""rest""","background_data_noshow","double",960,"minutes/person*day","c('ucc_pathway') %in% names(input) & c('ap') %in% input[['ucc_pathway']]",NA,NA,NA,NA
"2","ad_sleep","Activity duration for sleep","background_data_noshow","double",480,"minutes/person*day","c('ucc_pathway') %in% names(input) & c('ap') %in% input[['ucc_pathway']]",NA,NA,NA,NA
"3","background_ratio_bike","Air pollution concentration ratio between background and bike","background_data_noshow","double",2,"ratio","all(c('ucc_pathway') %in% names(input) & c('ap') %in% input[['ucc_pathway']])",NA,NA,NA,NA
"4","background_ratio_bikeshare","Air pollution concentration ratio between background and bikeshare","background_data_noshow","double",2,"ratio","all(c('ucc_pathway') %in% names(input) & c('ap') %in% input[['ucc_pathway']])",NA,NA,NA,NA
"5","background_ratio_bus","Air pollution concentration ratio between background and bus","background_data_noshow","double",1.9,"ratio","all(c('ucc_pathway', 'ucc_motormoderefined') %in% names(input)) & c('ap') %in% input[['ucc_pathway']] & any(c('bus') %in% input[['ucc_motormoderefined']])",NA,NA,NA,NA
"6","background_ratio_car","Air pollution concentration ratio between background and car","background_data_noshow","double",2.5,"ratio","all(c('ucc_pathway') %in% names(input) & c('ap') %in% input[['ucc_pathway']])",NA,NA,NA,NA
"7","background_ratio_cardriver","Air pollution concentration ratio between background and cardriver","background_data_noshow","double",2.5,"ratio","all(c('ucc_pathway', 'ucc_motormoderefined') %in% names(input)) & c('ap') %in% input[['ucc_pathway']] & any(c('cardriver') %in% input[['ucc_motormoderefined']])",NA,NA,NA,NA
"8","background_ratio_carpassenger","Air pollution concentration ratio between background and carpassenger","background_data_noshow","double",2.5,"ratio","all(c('ucc_pathway', 'ucc_motormoderefined') %in% names(input)) & c('ap') %in% input[['ucc_pathway']] & any(c('carpassenger') %in% input[['ucc_motormoderefined']])",NA,NA,NA,NA
"9","background_ratio_ebike","Air pollution concentration ratio between background and ebike","background_data_noshow","double",2,"ratio","all(c('ucc_pathway', 'ucc_activemode') %in% names(input)) & c('ap') %in% input[['ucc_pathway']] & any(c('ebike') %in% input[['ucc_activemode']])",NA,NA,NA,NA
"10","background_ratio_ebike25","Air pollution concentration ratio between background and ebike25","background_data_noshow","double",2,"ratio","all(c('ucc_pathway', 'ucc_activemode') %in% names(input)) & c('ap') %in% input[['ucc_pathway']] & any(c('ebike25') %in% input[['ucc_activemode']])",NA,NA,NA,NA
"11","background_ratio_ebike45","Air pollution concentration ratio between background and ebike45","background_data_noshow","double",2,"ratio","all(c('ucc_pathway', 'ucc_activemode') %in% names(input)) & c('ap') %in% input[['ucc_pathway']] & any(c('ebike45') %in% input[['ucc_activemode']])",NA,NA,NA,NA
"12","background_ratio_lightrail","Air pollution concentration ratio between background and lightrail","background_data_noshow","double",1.9,"ratio","all(c('ucc_pathway', 'ucc_motormoderefined') %in% names(input)) & c('ap') %in% input[['ucc_pathway']] & any(c('lightrail') %in% input[['ucc_motormoderefined']])",NA,NA,NA,NA
"13","background_ratio_motorbike","Air pollution concentration ratio between background and motorbike","background_data_noshow","double",2.5,"ratio","all(c('ucc_pathway', 'ucc_motormoderefined') %in% names(input)) & c('ap') %in% input[['ucc_pathway']] & any(c('motorbike') %in% input[['ucc_motormoderefined']])",NA,NA,NA,NA
"14","background_ratio_pt","Air pollution concentration ratio between background and pt","background_data_noshow","double",1.9,"ratio","all(c('ucc_pathway') %in% names(input) & c('ap') %in% input[['ucc_pathway']])",NA,NA,NA,NA
"15","background_ratio_run","Air pollution concentration ratio between background and run","background_data_noshow","double",1.6,"ratio","all(c('ucc_pathway', 'ucc_activemode') %in% names(input)) & c('ap') %in% input[['ucc_pathway']] & any(c('run') %in% input[['ucc_activemode']])",NA,NA,NA,NA
"16","background_ratio_train","Air pollution concentration ratio between background and train","background_data_noshow","double",1.9,"ratio","all(c('ucc_pathway', 'ucc_motormoderefined') %in% names(input)) & c('ap') %in% input[['ucc_pathway']] & any(c('train') %in% input[['ucc_motormoderefined']])",NA,NA,NA,NA
"17","background_ratio_walk","Air pollution concentration ratio between background and walk","background_data_noshow","double",1.6,"ratio","all(c('ucc_pathway') %in% names(input) & c('ap') %in% input[['ucc_pathway']])",NA,NA,NA,NA
"18","builduptime_crash","Time needed to obtain full health impacts in crash module","background_data_show","integer",0,"years","c('ucc_pathway') %in% names(input) & c('crash') %in% input[['ucc_pathway']]",NA,NA,NA,"0 for crash per definition"
"19","builduptime_onecase","Time needed to obtain full health impacts in single case assessment","background_data_show","integer",0,"years","all(c('ucc_comparisoncases', 'ucc_pathway') %in% names(input)) & c('onecase') %in% input[['ucc_comparisoncases']] & any(c('carbon', 'ap', 'pa') %in% input[['ucc_pathway']])",NA,NA,NA,"single case assessments assume steady state of active travel volume, and full benefits build up (i.e. buildup time=0)"
"20","builduptime_twocases","Time needed to obtain full health impacts in two cases assessment","background_data_show","integer",5,"years","all(c('ucc_comparisoncases', 'ucc_pathway') %in% names(input)) & c('twocases') %in% input[['ucc_comparisoncases']] & any(c('carbon', 'ap', 'pa') %in% input[['ucc_pathway']])",NA,NA,NA,"0 for crash per definition"
"21","cap_bike","Maximum benefits cap (mortality risk reduction) from bike","background_data_noshow","double",45,"%","TRUE == FALSE",NA,NA,NA,NA
"22","cap_bikeshare","Maximum benefits cap (mortality risk reduction) from bikeshare","background_data_noshow","double",45,"%","TRUE == FALSE",NA,NA,NA,NA
"23","cap_ebike","Maximum benefits cap (mortality risk reduction) from ebike","background_data_noshow","double",45,"%","TRUE == FALSE",NA,NA,NA,NA
"24","cap_ebike25","Maximum benefits cap (mortality risk reduction) from ebike25","background_data_noshow","double",45,"%","TRUE == FALSE",NA,NA,NA,NA
"25","cap_ebike45","Maximum benefits cap (mortality risk reduction) from ebike45","background_data_noshow","double",45,"%","TRUE == FALSE",NA,NA,NA,NA
"26","cap_max_pm25_conc","Max. concentration (cap) of air pollution (PM2.5) reflected in risk calculation","background_data_noshow","double",100,"ug/m3","c('ucc_pathway') %in% names(input) & c('ap') %in% input[['ucc_pathway']]",NA,NA,NA,NA
"27","cap_run","Maximum benefits cap (mortality risk reduction) from run","background_data_noshow","double",30,"%","TRUE == FALSE",NA,NA,NA,NA
"28","cap_walk","Maximum benefits cap (mortality risk reduction) from walk","background_data_noshow","double",30,"%","TRUE == FALSE",NA,NA,NA,NA
"29","carbon_background_data_year","For which year data from carbon_background_data should be used","background_data_noshow","integer",2015,"YYYY","c('ucc_pathway') %in% names(input) & c('carbon') %in% input[['ucc_pathway']]",NA,NA,NA,NA
"30","cold_trip_dist","Daily distance covered with cold start of vehicles (value for {{country}} in {{year}})","background_data_noshow","double",-1,"km/person*day","c('ucc_pathway') %in% names(input) & c('carbon') %in% input[['ucc_pathway']]",NA,NA,NA,"Value by country. See more details in specific carbon background data file (research_app/data_preparation/carbon/data/)"
"31","ef_bus_pkm","Carbon emission factor (per vehicle-km) for bus","background_data_noshow","double",-1,"gCO2e/vkm","c('ucc_pathway') %in% names(input) & c('carbon') %in% input[['ucc_pathway']]",NA,NA,NA,"Value by country, by year. See more details in specific carbon background data file (research_app/data_preparation/carbon/data/)"
"32","ef_car_rw_pkm","Carbon emission factor for car, per passenger-km","background_data_noshow","double",-1,"gCO2e/vkm","c('ucc_pathway') %in% names(input) & c('carbon') %in% input[['ucc_pathway']]",NA,NA,NA,"Value by country, by year. See more details in specific carbon background data file (research_app/data_preparation/carbon/data/)"
"33","ef_moto_pkm","Carbon emission factor (per vehicle-km) for moto","background_data_noshow","double",-1,"gCO2e/vkm","c('ucc_pathway') %in% names(input) & c('carbon') %in% input[['ucc_pathway']]",NA,NA,NA,"Value by country. See more details in specific carbon background data file (research_app/data_preparation/carbon/data/)"
"34","ef_vlca_bike","VLCA carbon emmission factor for bike","background_data_noshow","double",-1,"gCO2e/vkm","all(c('ucc_pathway', 'ucc_activemode') %in% names(input)) & c('carbon') %in% input[['ucc_pathway']]",NA,NA,NA,"See more details in specific carbon background data file (research_app/data_preparation/carbon/data/)"
"35","ef_vlca_bikeshare","VLCA carbon emmission factor for bikeshare","background_data_noshow","double",-1,"gCO2e/vkm","all(c('ucc_pathway', 'ucc_activemode') %in% names(input)) & c('carbon') %in% input[['ucc_pathway']]",NA,NA,NA,"See more details in specific carbon background data file (research_app/data_preparation/carbon/data/)"
"36","ef_vlca_bus","VLCA carbon emmission factor for bus","background_data_noshow","double",-1,"gCO2e/vkm","c('ucc_pathway') %in% names(input) & c('carbon') %in% input[['ucc_pathway']]",NA,NA,NA,"Value by country. See more details in specific carbon background data file (research_app/data_preparation/carbon/data/)"
"37","ef_vlca_car","VLCA carbon emmission factor for car","background_data_noshow","double",-1,"gCO2e/vkm","c('ucc_pathway') %in% names(input) & c('carbon') %in% input[['ucc_pathway']]",NA,NA,NA,"Value by country. See more details in specific carbon background data file (research_app/data_preparation/carbon/data/)"
"38","ef_vlca_cardriver","VLCA carbon emmission factor for cardriver","background_data_noshow","double",-1,"gCO2e/vkm",NA,NA,NA,NA,NA
"39","ef_vlca_carpassenger","VLCA carbon emmission factor for carpassenger","background_data_noshow","double",-1,"gCO2e/vkm",NA,NA,NA,NA,NA
"40","ef_vlca_ebike","VLCA carbon emmission factor for ebike","background_data_noshow","double",-1,"gCO2e/vkm","all(c('ucc_pathway', 'ucc_activemode') %in% names(input)) & c('carbon') %in% input[['ucc_pathway']]",NA,NA,NA,"See more details in specific carbon background data file (research_app/data_preparation/carbon/data/)"
"41","ef_vlca_ebike25","VLCA carbon emmission factor for ebike25","background_data_noshow","double",-1,"gCO2e/vkm","all(c('ucc_pathway', 'ucc_activemode') %in% names(input)) & c('carbon') %in% input[['ucc_pathway']]",NA,NA,NA,NA
"42","ef_vlca_ebike45","VLCA carbon emmission factor for ebike45","background_data_noshow","double",-1,"gCO2e/vkm","all(c('ucc_pathway', 'ucc_activemode') %in% names(input)) & c('carbon') %in% input[['ucc_pathway']]",NA,NA,NA,NA
"43","ef_vlca_lightrail","VLCA carbon emmission factor for lightrail","background_data_noshow","double",-1,"gCO2e/vkm",NA,NA,NA,NA,NA
"44","ef_vlca_moto","VLCA carbon emmission factor for moto","background_data_noshow","double",-1,NA,"c('ucc_pathway') %in% names(input) & c('carbon') %in% input[['ucc_pathway']]",NA,NA,NA,"See more details in specific carbon background data file (research_app/data_preparation/carbon/data/)"
"45","ef_vlca_motorbike","VLCA carbon emmission factor for motorbike","background_data_noshow","double",-1,"gCO2e/vkm",NA,NA,NA,NA,NA
"46","ef_vlca_pt","VLCA carbon emmission factor for pt","background_data_noshow","double",-1,"gCO2e/vkm",NA,NA,NA,NA,NA
"47","ef_vlca_rail","VLCA carbon emmission factor for rail","background_data_noshow","double",-1,NA,"c('ucc_pathway') %in% names(input) & c('carbon') %in% input[['ucc_pathway']]",NA,NA,NA,"See more details in specific carbon background data file (research_app/data_preparation/carbon/data/)"
"48","ef_vlca_run","VLCA carbon emmission factor for run","background_data_noshow","double",-1,"gCO2e/vkm","all(c('ucc_pathway', 'ucc_activemode') %in% names(input)) & c('carbon') %in% input[['ucc_pathway']]",NA,NA,NA,NA
"49","ef_vlca_train","VLCA carbon emmission factor for train","background_data_noshow","double",-1,"gCO2e/vkm",NA,NA,NA,NA,NA
"50","ef_vlca_walk","VLCA carbon emmission factor for walk","background_data_noshow","double",-1,"gCO2e/vkm","all(c('ucc_pathway', 'ucc_activemode') %in% names(input)) & c('carbon') %in% input[['ucc_pathway']]",NA,NA,NA,NA
"51","ef_wtt_bike","Well-to-tank carbon emission factor for bike","background_data_noshow","double",-1,"gCO2e/vkm","all(c('ucc_pathway', 'ucc_activemode') %in% names(input)) & c('carbon') %in% input[['ucc_pathway']]",NA,NA,NA,NA
"52","ef_wtt_bikeshare","Well-to-tank carbon emission factor for bikeshare","background_data_noshow","double",-1,"gCO2e/vkm","all(c('ucc_pathway', 'ucc_activemode') %in% names(input)) & c('carbon') %in% input[['ucc_pathway']]",NA,NA,NA,NA
"53","ef_wtt_bus","Well-to-tank carbon emission factor for bus","background_data_noshow","double",-1,"gCO2e/vkm","c('ucc_pathway') %in% names(input) & c('carbon') %in% input[['ucc_pathway']]",NA,NA,NA,"Value by country, by year. See more details in specific carbon background data file (research_app/data_preparation/carbon/data/)"
"54","ef_wtt_car","Well-to-tank carbon emission factor for car","background_data_noshow","double",-1,"gCO2e/vkm","c('ucc_pathway') %in% names(input) & c('carbon') %in% input[['ucc_pathway']]",NA,NA,NA,"Value by country, by year. See more details in specific carbon background data file (research_app/data_preparation/carbon/data/)"
"55","ef_wtt_cardriver","Well-to-tank carbon emission factor for cardriver","background_data_noshow","double",-1,"gCO2e/vkm",NA,NA,NA,NA,NA
"56","ef_wtt_carpassenger","Well-to-tank carbon emission factor for carpassenger","background_data_noshow","double",-1,"gCO2e/vkm",NA,NA,NA,NA,NA
"57","ef_wtt_ebike","Well-to-tank carbon emission factor for ebike","background_data_noshow","double",-1,"gCO2e/vkm","all(c('ucc_pathway', 'ucc_activemode') %in% names(input)) & c('carbon') %in% input[['ucc_pathway']]",NA,NA,NA,NA
"58","ef_wtt_ebike25","Well-to-tank carbon emission factor for ebike25","background_data_noshow","double",-1,"gCO2e/vkm","all(c('ucc_pathway', 'ucc_activemode') %in% names(input)) & c('carbon') %in% input[['ucc_pathway']]",NA,NA,NA,NA
"59","ef_wtt_ebike45","Well-to-tank carbon emission factor for ebike45","background_data_noshow","double",-1,"gCO2e/vkm","all(c('ucc_pathway', 'ucc_activemode') %in% names(input)) & c('carbon') %in% input[['ucc_pathway']]",NA,NA,NA,NA
"60","ef_wtt_lightrail","Well-to-tank carbon emission factor for lightrail","background_data_noshow","double",-1,"gCO2e/vkm",NA,NA,NA,NA,NA
"61","ef_wtt_moto","Well-to-tank carbon emission factor for moto","background_data_noshow","double",-1,NA,"c('ucc_pathway') %in% names(input) & c('carbon') %in% input[['ucc_pathway']]",NA,NA,NA,"Value by country, by year. See more details in specific carbon background data file (research_app/data_preparation/carbon/data/)"
"62","ef_wtt_motorbike","Well-to-tank carbon emission factor for motorbike","background_data_noshow","double",-1,"gCO2e/vkm",NA,NA,NA,NA,NA
"63","ef_wtt_pt","Well-to-tank carbon emission factor for pt","background_data_noshow","double",-1,"gCO2e/vkm",NA,NA,NA,NA,NA
"64","ef_wtt_rail","Well-to-tank carbon emission factor for rail","background_data_noshow","double",-1,NA,"c('ucc_pathway') %in% names(input) & c('carbon') %in% input[['ucc_pathway']]",NA,NA,NA,"Value by country, by year. See more details in specific carbon background data file (research_app/data_preparation/carbon/data/)"
"65","ef_wtt_run","Well-to-tank carbon emission factor for run","background_data_noshow","double",-1,"gCO2e/vkm","all(c('ucc_pathway', 'ucc_activemode') %in% names(input)) & c('carbon') %in% input[['ucc_pathway']]",NA,NA,NA,NA
"66","ef_wtt_train","Well-to-tank carbon emission factor for train","background_data_noshow","double",-1,"gCO2e/vkm",NA,NA,NA,NA,NA
"67","ef_wtt_walk","Well-to-tank carbon emission factor for walk","background_data_noshow","double",-1,"gCO2e/vkm","all(c('ucc_pathway', 'ucc_activemode') %in% names(input)) & c('carbon') %in% input[['ucc_pathway']]",NA,NA,NA,NA
"68","max_hrs_bike","Maximum hours input allowed for bike","ui_validity_check","double",2,"hrs",NA,NA,NA,NA,NA
"69","max_hrs_bikeshare","Maximum hours input allowed for bikeshare","ui_validity_check","double",2,"hrs",NA,NA,NA,NA,NA
"70","max_hrs_ebike","Maximum hours input allowed for ebike","ui_validity_check","double",2,"hrs",NA,NA,NA,NA,NA
"71","max_hrs_ebike25","Maximum hours input allowed for ebike25","ui_validity_check","double",2,"hrs",NA,NA,NA,NA,NA
"72","max_hrs_ebike45","Maximum hours input allowed for ebike45","ui_validity_check","double",2,"hrs",NA,NA,NA,NA,NA
"73","max_hrs_run","Maximum hours input allowed for run","ui_validity_check","double",2,"hrs",NA,NA,NA,NA,NA
"74","max_hrs_walk","Maximum hours input allowed for walk","ui_validity_check","double",2,"hrs",NA,NA,NA,NA,NA
"75","max_km_bike","Maximum km input allowed for bike","ui_validity_check","double",20,"km",NA,NA,NA,NA,NA
"76","max_km_bikeshare","Maximum km input allowed for bikeshare","ui_validity_check","double",20,"km",NA,NA,NA,NA,NA
"77","max_km_ebike","Maximum km input allowed for ebike","ui_validity_check","double",30,"km",NA,NA,NA,NA,NA
"78","max_km_ebike25","Maximum km input allowed for ebike25","ui_validity_check","double",30,"km",NA,NA,NA,NA,NA
"79","max_km_ebike45","Maximum km input allowed for ebike45","ui_validity_check","double",50,"km",NA,NA,NA,NA,NA
"80","max_km_run","Maximum km input allowed for run","ui_validity_check","double",20,"km",NA,NA,NA,NA,NA
"81","max_km_walk","Maximum km input allowed for walk","ui_validity_check","double",12,"km",NA,NA,NA,NA,NA
"82","max_min_bike","Maximum minutes input allowed for bike","ui_validity_check","double",60,"min",NA,NA,NA,NA,NA
"83","max_min_bikeshare","Maximum minutes input allowed for bikeshare","ui_validity_check","double",60,"min",NA,NA,NA,NA,NA
"84","max_min_ebike","Maximum minutes input allowed for ebike","ui_validity_check","double",120,"min",NA,NA,NA,NA,NA
"85","max_min_ebike25","Maximum minutes input allowed for ebike25","ui_validity_check","double",120,"",NA,NA,NA,NA,NA
"86","max_min_ebike45","Maximum minutes input allowed for ebike45","ui_validity_check","double",120,"",NA,NA,NA,NA,NA
"87","max_min_run","Maximum minutes input allowed for run","ui_validity_check","double",120,"min",NA,NA,NA,NA,NA
"88","max_min_walk","Maximum minutes input allowed for walk","ui_validity_check","double",120,"min",NA,NA,NA,NA,NA
"89","mets_bike","Physical intensity (Metabolic Equivalents of Task (METs) of ) bike","default_value","double",6.8,"kcal/kg*h","TRUE == FALSE",NA,NA,NA,NA
"90","mets_bikeshare","Physical intensity (Metabolic Equivalents of Task (METs) of ) bikeshare","default_value","double",6.8,"kcal/kg*h","TRUE == FALSE",NA,NA,NA,NA
"91","mets_bus","Physical intensity (Metabolic Equivalents of Task (METs) of ) bus","default_value","double",1.9,"kcal/kg*h","TRUE == FALSE",NA,NA,NA,NA
"92","mets_car","Physical intensity (Metabolic Equivalents of Task (METs) of ) car","default_value","double",2.1,"kcal/kg*h","TRUE == FALSE",NA,NA,NA,"as driver=2.5 as passenger=1.3, weighted average"
"93","mets_cardriver","Physical intensity (Metabolic Equivalents of Task (METs) of ) cardriver","default_value","double",2.5,"kcal/kg*h","TRUE == FALSE",NA,NA,NA,NA
"94","mets_carpassenger","Physical intensity (Metabolic Equivalents of Task (METs) of ) carpassenger","default_value","double",1.3,"kcal/kg*h","TRUE == FALSE",NA,NA,NA,NA
"95","mets_ebike","Physical intensity (Metabolic Equivalents of Task (METs) of ) ebike","default_value","double",5.5,"kcal/kg*h","TRUE == FALSE",NA,NA,NA,NA
"96","mets_ebike25","Physical intensity (Metabolic Equivalents of Task (METs) of ) ebike25","default_value","double",6,"kcal/kg*h","TRUE == FALSE",NA,NA,NA,NA
"97","mets_ebike45","Physical intensity (Metabolic Equivalents of Task (METs) of ) ebike45","default_value","double",5,"kcal/kg*h","TRUE == FALSE",NA,NA,NA,NA
"98","mets_lightrail","Physical intensity (Metabolic Equivalents of Task (METs) of ) lightrail","default_value","double",1.3,"kcal/kg*h","TRUE == FALSE",NA,NA,NA,NA
"99","mets_motorbike","Physical intensity (Metabolic Equivalents of Task (METs) of ) motorbike","default_value","double",1.3,"kcal/kg*h","TRUE == FALSE",NA,NA,NA,NA
"100","mets_pt","Physical intensity (Metabolic Equivalents of Task (METs) of ) pt","default_value","double",1.3,"kcal/kg*h","TRUE == FALSE",NA,NA,NA,NA
"101","mets_run","Physical intensity (Metabolic Equivalents of Task (METs) of ) run","default_value","double",7,"kcal/kg*h","TRUE == FALSE",NA,NA,NA,"20% lower than regular cycling"
"102","mets_train","Physical intensity (Metabolic Equivalents of Task (METs) of ) train","default_value","double",1.3,"kcal/kg*h","TRUE == FALSE",NA,NA,NA,NA
"103","mets_walk","Physical intensity (Metabolic Equivalents of Task (METs) of ) walk","default_value","double",4,"kcal/kg*h","TRUE == FALSE",NA,NA,NA,NA
"104","mile","Distance conversion from mile to kilometer","background_data_noshow","double",1.61,"mile","c('mls_unit') %in% names(ctx) & isTRUE(ctx[['mls_unit']])",NA,NA,NA,NA
"105","mvent_bike","Minute ventilation rate (l/min) of bike","background_data_noshow","double",42.5,"l/min","all(c('ucc_pathway', 'ucc_activemode') %in% names(input)) & c('ap') %in% input[['ucc_pathway']] & c('bike') %in% input[['ucc_activemode']]",NA,NA,NA,NA
"106","mvent_bikeshare","Minute ventilation rate (l/min) of bikeshare","background_data_noshow","double",42.5,"l/min","all(c('ucc_pathway', 'ucc_activemode') %in% names(input)) & c('ap') %in% input[['ucc_pathway']] & c('bikeshare') %in% input[['ucc_activemode']]",NA,NA,NA,NA
"107","mvent_bus","Minute ventilation rate (l/min) of bus","background_data_noshow","double",10.2,"l/min",NA,NA,NA,NA,NA
"108","mvent_car","Minute ventilation rate (l/min) of car","background_data_noshow","double",10.2,"l/min","c('ucc_pathway') %in% names(input) & c('ap') %in% input[['ucc_pathway']]",NA,NA,NA,NA
"109","mvent_cardriver","Minute ventilation rate (l/min) of cardriver","background_data_noshow","double",10.2,"l/min",NA,NA,NA,NA,NA
"110","mvent_carpassenger","Minute ventilation rate (l/min) of carpassenger","background_data_noshow","double",10.2,"l/min",NA,NA,NA,NA,NA
"111","mvent_ebike","Minute ventilation rate (l/min) of ebike","background_data_noshow","double",34.4,"l/min","all(c('ucc_pathway', 'ucc_activemode') %in% names(input)) & c('ap') %in% input[['ucc_pathway']] & c('ebike') %in% input[['ucc_activemode']]",NA,NA,NA,NA
"112","mvent_ebike25","Minute ventilation rate (l/min) of ebike25","background_data_noshow","double",37.5,"l/min","all(c('ucc_pathway', 'ucc_activemode') %in% names(input)) & c('ap') %in% input[['ucc_pathway']] & c('ebike25') %in% input[['ucc_activemode']]",NA,NA,NA,NA
"113","mvent_ebike45","Minute ventilation rate (l/min) of ebike45","background_data_noshow","double",31.3,"l/min","all(c('ucc_pathway', 'ucc_activemode') %in% names(input)) & c('ap') %in% input[['ucc_pathway']] & c('ebike45') %in% input[['ucc_activemode']]",NA,NA,NA,NA
"114","mvent_lightrail","Minute ventilation rate (l/min) of lightrail","background_data_noshow","double",10.2,"l/min",NA,NA,NA,NA,NA
"115","mvent_motorbike","Minute ventilation rate (l/min) of motorbike","background_data_noshow","double",10.2,"l/min",NA,NA,NA,NA,NA
"116","mvent_pt","Minute ventilation rate (l/min) of pt","background_data_noshow","double",10.2,"l/min","c('ucc_pathway') %in% names(input) & c('ap') %in% input[['ucc_pathway']]",NA,NA,NA,NA
"117","mvent_rest","Minute ventilation rate (l/min) of rest","background_data_noshow","double",10.2,"l/min","c('ucc_pathway') %in% names(input) & c('ap') %in% input[['ucc_pathway']]",NA,NA,NA,NA
"118","mvent_run","Minute ventilation rate (l/min) of run","background_data_noshow","double",43.8,"l/min","all(c('ucc_pathway', 'ucc_activemode') %in% names(input)) & c('ap') %in% input[['ucc_pathway']] & c('run') %in% input[['ucc_activemode']]",NA,NA,NA,NA
"119","mvent_sleep","Minute ventilation rate (l/min) of sleep","background_data_noshow","double",4.5,"l/min","c('ucc_pathway') %in% names(input) & c('ap') %in% input[['ucc_pathway']]",NA,NA,NA,NA
"120","mvent_train","Minute ventilation rate (l/min) of train","background_data_noshow","double",10.2,"l/min",NA,NA,NA,NA,NA
"121","mvent_walk","Minute ventilation rate (l/min) of walk","background_data_noshow","double",22.8,"l/min","all(c('ucc_pathway', 'ucc_activemode') %in% names(input)) & c('ap') %in% input[['ucc_pathway']] & c('walk') %in% input[['ucc_activemode']]",NA,NA,NA,NA
"122","occupancy_rate_car","Average occupancy rate for cars all purposes","default_value","double",-1,"persons","c('ucc_pathway') %in% names(input) & c('carbon') %in% input[['ucc_pathway']]",NA,NA,NA,"Value by country. See more details in specific carbon background data file (research_app/data_preparation/carbon/data/)"
"123","proportion_exposed","Proportion of the exposed population","background_data_noshow","double",0.001,"proportion","c('ucc_pathway') %in% names(input) & any(c('ap', 'pa') %in% input[['ucc_pathway']])",NA,NA,NA,NA
"124","pt_bus_rail_split","Share of bus trips compared to rail trips","background_data_noshow","double",0.5,"proportion","c('ucc_pathway') %in% names(input) & c('carbon') %in% input[['ucc_pathway']]",NA,NA,NA,"See more details in specific carbon background data file (research_app/data_preparation/carbon/data/)"
"125","ratiocoldhot","Proportion of cold vs. hot start (value for {{country}} in {{year}})","background_data_noshow","double",-1,"ratio","c('ucc_pathway') %in% names(input) & c('carbon') %in% input[['ucc_pathway']]",NA,NA,NA,"Value by country. See more details in specific carbon background data file (research_app/data_preparation/carbon/data/)"
"126","ref_concentration_PM2.5","Reference concentration (PM2.5) for the RR of air pollution and mortality","background_data_noshow","double",10,"ug/m3","c('ucc_pathway') %in% names(input) & c('ap') %in% input[['ucc_pathway']]",NA,NA,NA,NA
"127","ref_duration_bike","Reference duration for for relative risk for mortality and bike","background_data_noshow","double",100,"minutes/person*week","all(c('ucc_pathway', 'ucc_activemode') %in% names(input)) & c('pa') %in% input[['ucc_pathway']] & c('bike') %in% input[['ucc_activemode']]",NA,NA,NA,NA
"128","ref_duration_bikeshare","Reference duration for for relative risk for mortality and bikeshare","background_data_noshow","double",100,"minutes/person*week","all(c('ucc_pathway', 'ucc_activemode') %in% names(input)) & c('pa') %in% input[['ucc_pathway']] & c('bikeshare') %in% input[['ucc_activemode']]",NA,NA,NA,NA
"129","ref_duration_ebike","Reference duration for for relative risk for mortality and ebike","background_data_noshow","double",124,"minutes/person*week","all(c('ucc_pathway', 'ucc_activemode') %in% names(input)) & c('pa') %in% input[['ucc_pathway']] & c('ebike') %in% input[['ucc_activemode']]",NA,NA,NA,NA
"130","ref_duration_ebike25","Reference duration for for relative risk for mortality and ebike25","background_data_noshow","double",113,"minutes/person*week","all(c('ucc_pathway', 'ucc_activemode') %in% names(input)) & c('pa') %in% input[['ucc_pathway']] & c('ebike25') %in% input[['ucc_activemode']]",NA,NA,NA,NA
"131","ref_duration_ebike45","Reference duration for for relative risk for mortality and ebike45","background_data_noshow","double",136,"minutes/person*week","all(c('ucc_pathway', 'ucc_activemode') %in% names(input)) & c('pa') %in% input[['ucc_pathway']] & c('ebike45') %in% input[['ucc_activemode']]",NA,NA,NA,NA
"132","ref_duration_run","Reference duration for for relative risk for mortality and run","background_data_noshow","double",100,"minutes/person*week","all(c('ucc_pathway', 'ucc_activemode') %in% names(input)) & c('pa') %in% input[['ucc_pathway']] & c('run') %in% input[['ucc_activemode']]",NA,NA,NA,NA
"133","ref_duration_walk","Reference duration for for relative risk for mortality and walk","background_data_noshow","double",168,"minutes/person*week","all(c('ucc_pathway', 'ucc_activemode') %in% names(input)) & c('pa') %in% input[['ucc_pathway']] & c('walk') %in% input[['ucc_activemode']]",NA,NA,NA,NA
"134","RR_bike","Relative risk for mortality and bike","background_data_show","double",0.903,"ratio","all(c('ucc_activemode', 'ucc_pathway') %in% names(input)) & c('pa') %in% input[['ucc_pathway']] & !(c('ap') %in% input[['ucc_pathway']]) & c('bike') %in% input[['ucc_activemode']]",NA,NA,NA,NA
"135","RR_bike_corrected_ap","Relative risk for mortality and bike (physical activity only, excluding air pollution effect)","background_data_show","double",0.899,"ratio","all(c('ucc_activemode', 'ucc_pathway') %in% names(input)) & all(c('pa', 'ap') %in% input[['ucc_pathway']]) & c('bike') %in% input[['ucc_activemode']]",NA,NA,NA,NA
"136","RR_bikeshare","Relative risk for mortality and bikeshare","background_data_show","double",0.903,"ratio","all(c('ucc_activemode', 'ucc_pathway') %in% names(input)) & c('pa') %in% input[['ucc_pathway']] & !(c('ap') %in% input[['ucc_pathway']]) & c('bikeshare') %in% input[['ucc_activemode']]",NA,NA,NA,NA
"137","RR_bikeshare_corrected_ap","Relative risk for mortality and bikeshare (physical activity only, excluding air pollution effect)","background_data_show","double",0.899,"ratio","all(c('ucc_activemode', 'ucc_pathway') %in% names(input)) & all(c('pa', 'ap') %in% input[['ucc_pathway']]) & c('bikeshare') %in% input[['ucc_activemode']]",NA,NA,NA,NA
"138","RR_ebike","Relative risk for mortality and ebike","background_data_show","double",0.903,"ratio","all(c('ucc_activemode', 'ucc_pathway') %in% names(input)) & c('pa') %in% input[['ucc_pathway']] & !(c('ap') %in% input[['ucc_pathway']]) & c('ebike') %in% input[['ucc_activemode']]",NA,NA,NA,NA
"139","RR_ebike_corrected_ap","Relative risk for mortality and ebike (physical activity only, excluding air pollution effect)","background_data_show","double",0.899,"ratio","all(c('ucc_activemode', 'ucc_pathway') %in% names(input)) & all(c('pa', 'ap') %in% input[['ucc_pathway']]) & c('ebike') %in% input[['ucc_activemode']]",NA,NA,NA,NA
"140","RR_ebike25","Relative risk for mortality and ebike25","background_data_show","double",0.903,"ratio","all(c('ucc_activemode', 'ucc_pathway') %in% names(input)) & c('pa') %in% input[['ucc_pathway']] & !(c('ap') %in% input[['ucc_pathway']]) & c('ebike25') %in% input[['ucc_activemode']]",NA,NA,NA,NA
"141","RR_ebike25_corrected_ap","Relative risk for mortality and ebike25 (physical activity only, excluding air pollution effect)","background_data_show","double",0.899,"ratio","all(c('ucc_activemode', 'ucc_pathway') %in% names(input)) & all(c('pa', 'ap') %in% input[['ucc_pathway']]) & c('ebike25') %in% input[['ucc_activemode']]",NA,NA,NA,NA
"142","RR_ebike45","Relative risk for mortality and ebike45","background_data_show","double",0.903,"ratio","all(c('ucc_activemode', 'ucc_pathway') %in% names(input)) & c('pa') %in% input[['ucc_pathway']] & !(c('ap') %in% input[['ucc_pathway']]) & c('ebike45') %in% input[['ucc_activemode']]",NA,NA,NA,NA
"143","RR_ebike45_corrected_ap","Relative risk for mortality and ebike45 (physical activity only, excluding air pollution effect)","background_data_show","double",0.899,"ratio","all(c('ucc_activemode', 'ucc_pathway') %in% names(input)) & all(c('pa', 'ap') %in% input[['ucc_pathway']]) & c('ebike45') %in% input[['ucc_activemode']]",NA,NA,NA,NA
"144","RR_PM2.5","Relative risk of air pollution (PM2.5) and mortality","background_data_show","double",1.08,"ratio","c('ucc_pathway') %in% names(input) & c('ap') %in% input[['ucc_pathway']]",NA,NA,NA,NA
"145","RR_run","Relative risk for mortality and run","background_data_show","double",0.903,"ratio","all(c('ucc_activemode', 'ucc_pathway') %in% names(input)) & c('pa') %in% input[['ucc_pathway']] & !(c('ap') %in% input[['ucc_pathway']]) & c('run') %in% input[['ucc_activemode']]",NA,NA,NA,NA
"146","RR_run_corrected_ap","Relative risk for mortality and run (physical activity only, excluding air pollution effect)","background_data_show","double",0.899,"ratio","all(c('ucc_activemode', 'ucc_pathway') %in% names(input)) & all(c('pa', 'ap') %in% input[['ucc_pathway']]) & c('run') %in% input[['ucc_activemode']]",NA,NA,NA,NA
"147","RR_walk","Relative risk for mortality and walk","background_data_show","double",0.886,"ratio","all(c('ucc_activemode', 'ucc_pathway') %in% names(input)) & c('pa') %in% input[['ucc_pathway']] & !(c('ap') %in% input[['ucc_pathway']]) & c('walk') %in% input[['ucc_activemode']]",NA,NA,NA,NA
"148","RR_walk_corrected_ap","Relative risk for mortality and walk (physical activity only, excluding air pollution effect)","background_data_show","double",0.883,"ratio","all(c('ucc_activemode', 'ucc_pathway') %in% names(input)) & all(c('pa', 'ap') %in% input[['ucc_pathway']]) & c('walk') %in% input[['ucc_activemode']]",NA,NA,NA,NA
"149","speed_bike","Average cycling speed","default_value","double",14,"km/h","c('ucc_activemode') %in% names(input) & c('bike') %in% input[['ucc_activemode']]",NA,NA,NA,NA
"150","speed_bikeshare","Average bikeshare speed","default_value","double",12.4,"km/h","c('ucc_activemode') %in% names(input) & c('bikeshare') %in% input[['ucc_activemode']]",NA,NA,NA,NA
"151","speed_bus","Average bus speed","default_value","double",15.4,"km/h","c('ucc_motormoderefined') %in% names(input) & c('bus') %in% input[['ucc_motormoderefined']]",NA,NA,NA,NA
"152","speed_car","Average car speed","default_value","double",42,"km/h","c('ucc_motormodebasic') %in% names(input) & c('car') %in% input[['ucc_motormodebasic']]",NA,NA,NA,"National figures, not urban/city figures that are lower obviously - around 32 km/h EU average"
"153","speed_cardriver","Average speed as car driver","default_value","double",42,"km/h","c('ucc_motormoderefined') %in% names(input) & c('cardriver') %in% input[['ucc_motormoderefined']]",NA,NA,NA,"National figures, not urban/city figures that are lower obviously - around 32 km/h EU average"
"154","speed_carpassenger","Average speed as car passenger","default_value","double",42,"km/h","c('ucc_motormoderefined') %in% names(input) & c('carpassenger') %in% input[['ucc_motormoderefined']]",NA,NA,NA,"National figures, not urban/city figures that are lower obviously - around 32 km/h EU average"
"155","speed_ebike","Average e-bike speed","default_value","double",17,"km/h","c('ucc_activemode') %in% names(input) & c('ebike') %in% input[['ucc_activemode']]",NA,NA,NA,"20% faster than regular cycling according to the source"
"156","speed_ebike25","Average ebike25 speed (km/h)","default_value","double",16,"km/h","c('ucc_activemode') %in% names(input) & c('ebike25') %in% input[['ucc_activemode']]",NA,NA,NA,NA
"157","speed_ebike45","Average ebike45 speed (km/h)","default_value","double",20,"km/h","c('ucc_activemode') %in% names(input) & c('ebike45') %in% input[['ucc_activemode']]",NA,NA,NA,NA
"158","speed_lightrail","Average light rail speed","default_value","double",16.1,"km/h","c('ucc_motormoderefined') %in% names(input) & c('lightrail') %in% input[['ucc_motormoderefined']]",NA,NA,NA,NA
"159","speed_motorbike","Average motorbike speed","default_value","double",29.8,"km/h","c('ucc_motormoderefined') %in% names(input) & c('motorbike') %in% input[['ucc_motormoderefined']]",NA,NA,NA,"National figures, not urban/city figures that are lower obviously - around 32 km/h EU average"
"160","speed_pt","Average public transport speed","default_value","double",22.7,"km/h","c('ucc_motormodebasic') %in% names(input) & c('pt') %in% input[['ucc_motormodebasic']]",NA,NA,NA,"National figures, not urban/city figures that are lower obviously"
"161","speed_road_0","Average road traffic speed for global average standards in urban areas for {{mode}}","default_value","double",32,"km/h","c('ucc_pathway') %in% names(input) & c('carbon') %in% input[['ucc_pathway']]","DfT (2017) Average speed and delay on local _A_ roads, London: Department for Transport. DfT (2015) Free flow vehicle speeds in Great Britain: 2015 (free flow road speeds, urban A roads, urban non-built up roads, rural roads, etc.), London: Department for Transport. Also: INRIX data of real world traffic speeds (available at https://www.statista.com/statistics/264703/average-speed-in-europes-15-most-congested-cities/)",NA,"https://www.statista.com/statistics/264703/average-speed-in-europes-15-most-congested-cities",NA
"162","speed_road_1","Average road traffic speed for nearly free flow at all times in urban areas for {{mode}}","default_value","double",45,"km/h","c('ucc_pathway') %in% names(input) & c('carbon') %in% input[['ucc_pathway']]","DfT (2017) Average speed and delay on local _A_ roads, London: Department for Transport. DfT (2015) Free flow vehicle speeds in Great Britain: 2015 (free flow road speeds, urban A roads, urban non-built up roads, rural roads, etc.), London: Department for Transport. Also: INRIX data of real world traffic speeds (available at https://www.statista.com/statistics/264703/average-speed-in-europes-15-most-congested-cities/)",NA,"https://www.statista.com/statistics/264703/average-speed-in-europes-15-most-congested-cities",NA
"163","speed_road_2","Average road traffic speed for minor congestion mainly at peak times in urban areas for {{mode}}","default_value","double",35,"km/h","c('ucc_pathway') %in% names(input) & c('carbon') %in% input[['ucc_pathway']]","DfT (2017) Average speed and delay on local _A_ roads, London: Department for Transport. DfT (2015) Free flow vehicle speeds in Great Britain: 2015 (free flow road speeds, urban A roads, urban non-built up roads, rural roads, etc.), London: Department for Transport. Also: INRIX data of real world traffic speeds (available at https://www.statista.com/statistics/264703/average-speed-in-europes-15-most-congested-cities/)",NA,"https://www.statista.com/statistics/264703/average-speed-in-europes-15-most-congested-cities",NA
"164","speed_road_3","Average road traffic speed for heavy congestion throughout the day in urban areas for {{mode}}","default_value","double",20,"km/h","c('ucc_pathway') %in% names(input) & c('carbon') %in% input[['ucc_pathway']]","DfT (2017) Average speed and delay on local _A_ roads, London: Department for Transport. DfT (2015) Free flow vehicle speeds in Great Britain: 2015 (free flow road speeds, urban A roads, urban non-built up roads, rural roads, etc.), London: Department for Transport. Also: INRIX data of real world traffic speeds (available at https://www.statista.com/statistics/264703/average-speed-in-europes-15-most-congested-cities/)",NA,"https://www.statista.com/statistics/264703/average-speed-in-europes-15-most-congested-cities",NA
"165","speed_road_4","Average road traffic speed for global average standards in rural areas for {{mode}}","default_value","double",60,"km/h","c('ucc_pathway') %in% names(input) & c('carbon') %in% input[['ucc_pathway']]","DfT (2017) Average speed and delay on local _A_ roads, London: Department for Transport. DfT (2015) Free flow vehicle speeds in Great Britain: 2015 (free flow road speeds, urban A roads, urban non-built up roads, rural roads, etc.), London: Department for Transport. Also: INRIX data of real world traffic speeds (available at https://www.statista.com/statistics/264703/average-speed-in-europes-15-most-congested-cities/)",NA,"https://www.statista.com/statistics/264703/average-speed-in-europes-15-most-congested-cities",NA
"166","speed_run","Average running speed","default_value","double",13.3,"km/h","c('ucc_activemode') %in% names(input) & c('run') %in% input[['ucc_activemode']]",NA,NA,NA,"average of 3.2 m/s and 4.2 m/s which is the range quoted in the Nature article for recreational joggers!"
"167","speed_train","Average train speed","default_value","double",37.4,"km/h","c('ucc_motormoderefined') %in% names(input) & c('train') %in% input[['ucc_motormoderefined']]",NA,NA,NA,NA
"168","speed_walk","Average walking speed","default_value","double",5.3,"km/h","c('ucc_activemode') %in% names(input) & c('walk') %in% input[['ucc_activemode']]",NA,NA,NA,NA
"169","steplength","Average length of walking steps","default_value","double",72,"cm","c('steps_unit') %in% names(ctx) & isTRUE(ctx[['steps_unit']])",NA,NA,NA,NA
